URL,Last crawled
https://odishacoffee.com/albania/green-coffee,1970-01-01
https://odishacoffee.com/andorra/green-coffee,1970-01-01
https://odishacoffee.com/armenia/green-coffee,1970-01-01
https://odishacoffee.com/australia/green-coffee,1970-01-01
https://odishacoffee.com/austria/green-coffee,1970-01-01
https://odishacoffee.com/azerbaijan/green-coffee,1970-01-01
https://odishacoffee.com/bahrain/green-coffee,1970-01-01
https://odishacoffee.com/bangladesh/green-coffee,1970-01-01
https://odishacoffee.com/belarus/green-coffee,1970-01-01
https://odishacoffee.com/bhutan/green-coffee,1970-01-01
https://odishacoffee.com/bosnia-and-herzegovina/green-coffee,1970-01-01
https://odishacoffee.com/bulgaria/green-coffee,1970-01-01
https://odishacoffee.com/buy-green-beans/a-anaerobic-naturals,1970-01-01
https://odishacoffee.com/buy-green-beans/aa-arabica-washed,1970-01-01
https://odishacoffee.com/buy-green-beans/aaa-arabica-washed,1970-01-01
https://odishacoffee.com/buy-green-beans/b-plus-arabica-naturals,1970-01-01
https://odishacoffee.com/buy-green-beans/bb-arabica-washed,1970-01-01
https://odishacoffee.com/buy-green-beans/naturals-commercial,1970-01-01
https://odishacoffee.com/buy-in,1970-01-01
https://odishacoffee.com/buy-in/ahmedabad,1970-01-01
https://odishacoffee.com/buy-in/bengaluru,1970-01-01
https://odishacoffee.com/buy-in/bhubaneswar,1970-01-01
https://odishacoffee.com/buy-in/chandigarh,1970-01-01
https://odishacoffee.com/buy-in/chennai,1970-01-01
https://odishacoffee.com/buy-in/guwahati,1970-01-01
https://odishacoffee.com/buy-in/hyderabad,1970-01-01
https://odishacoffee.com/buy-in/jaipur,1970-01-01
https://odishacoffee.com/buy-in/kochi,1970-01-01
https://odishacoffee.com/buy-in/kolkata,1970-01-01
https://odishacoffee.com/buy-in/mumbai,1970-01-01
https://odishacoffee.com/buy-in/new-delhi,1970-01-01
https://odishacoffee.com/buy-in/pune,1970-01-01
https://odishacoffee.com/canada/green-coffee,1970-01-01
https://odishacoffee.com/cart,1970-01-01
https://odishacoffee.com/checkout,1970-01-01
https://odishacoffee.com/china/green-coffee,1970-01-01
https://odishacoffee.com/coffee-farms-koraput,1970-01-01
https://odishacoffee.com/coffee-farms-near-bhubaneswar,1970-01-01
https://odishacoffee.com/coffee-farms-odisha,1970-01-01
https://odishacoffee.com/croatia/green-coffee,1970-01-01
https://odishacoffee.com/cyprus/green-coffee,1970-01-01
https://odishacoffee.com/denmark/green-coffee,1970-01-01
https://odishacoffee.com/estonia/green-coffee,1970-01-01
https://odishacoffee.com/farms/agrawal-plantation/green-coffee,1970-01-01
https://odishacoffee.com/farms/agrawal-plantation/products,1970-01-01
https://odishacoffee.com/farms/agrawal-plantation/roasted-coffee,1970-01-01
https://odishacoffee.com/farms/annapurna-coffee-estate/products,1970-01-01
https://odishacoffee.com/farms/bighneswari-plantation,1970-01-01
https://odishacoffee.com/farms/bighneswari-plantation/green-coffee,1970-01-01
https://odishacoffee.com/farms/bighneswari-plantation/products,1970-01-01
https://odishacoffee.com/farms/bighneswari-plantation/roasted-coffee,1970-01-01
https://odishacoffee.com/farms/brown-valley-coffee-estate,1970-01-01
https://odishacoffee.com/farms/brown-valley-coffee-estate/green-coffee,1970-01-01
https://odishacoffee.com/farms/brown-valley-coffee-estate/products,1970-01-01
https://odishacoffee.com/farms/brown-valley-coffee-estate/roasted-coffee,1970-01-01
https://odishacoffee.com/farms/dash-plantation,1970-01-01
https://odishacoffee.com/farms/dash-plantation/green-coffee,1970-01-01
https://odishacoffee.com/farms/dash-plantation/products,1970-01-01
https://odishacoffee.com/farms/dash-plantation/roasted-coffee,1970-01-01
https://odishacoffee.com/farms/dream-hill-coffee,1970-01-01
https://odishacoffee.com/farms/dream-hill-coffee/products,1970-01-01
https://odishacoffee.com/farms/dream-hill-coffee/roasted-coffee,1970-01-01
https://odishacoffee.com/farms/durga-madhav-coffee-estate,1970-01-01
https://odishacoffee.com/farms/durga-madhav-coffee-estate/green-coffee,1970-01-01
https://odishacoffee.com/farms/durga-madhav-coffee-estate/products,1970-01-01
https://odishacoffee.com/farms/durga-madhav-coffee-estate/roasted-coffee,1970-01-01
https://odishacoffee.com/farms/ekayani-plantation,1970-01-01
https://odishacoffee.com/farms/ekayani-plantation/green-coffee,1970-01-01
https://odishacoffee.com/farms/ekayani-plantation/products,1970-01-01
https://odishacoffee.com/farms/ekayani-plantation/roasted-coffee,1970-01-01
https://odishacoffee.com/farms/jayadhar-garden/green-coffee,1970-01-01
https://odishacoffee.com/farms/kakinada-plantation/green-coffee,1970-01-01
https://odishacoffee.com/farms/kakinada-plantation/products,1970-01-01
https://odishacoffee.com/farms/kakinada-plantation/roasted-coffee,1970-01-01
https://odishacoffee.com/farms/koraput-a1-coffee,1970-01-01
https://odishacoffee.com/farms/koraput-a1-coffee/green-coffee,1970-01-01
https://odishacoffee.com/farms/koraput-a1-coffee/products,1970-01-01
https://odishacoffee.com/farms/koraput-a1-coffee/roasted-coffee,1970-01-01
https://odishacoffee.com/farms/koraput-organic,1970-01-01
https://odishacoffee.com/farms/koraput-organic/green-coffee,1970-01-01
https://odishacoffee.com/farms/koraput-organic/products,1970-01-01
https://odishacoffee.com/farms/koraput-organic/roasted-coffee,1970-01-01
https://odishacoffee.com/farms/laxmi-plantation,1970-01-01
https://odishacoffee.com/farms/laxmi-plantation/green-coffee,1970-01-01
https://odishacoffee.com/farms/laxmi-plantation/products,1970-01-01
https://odishacoffee.com/farms/laxmi-plantation/roasted-coffee,1970-01-01
https://odishacoffee.com/farms/maa-mangala-coffee-plantation/green-coffee,1970-01-01
https://odishacoffee.com/farms/maa-mangala-coffee-plantation/products,1970-01-01
https://odishacoffee.com/farms/maa-mangala-coffee-plantation/roasted-coffee,1970-01-01
https://odishacoffee.com/farms/maa-sarala-plantation,1970-01-01
https://odishacoffee.com/farms/maa-sarala-plantation/green-coffee,1970-01-01
https://odishacoffee.com/farms/maa-sarala-plantation/products,1970-01-01
https://odishacoffee.com/farms/maa-sarala-plantation/roasted-coffee,1970-01-01
https://odishacoffee.com/farms/madhu-agro-plantation/green-coffee,1970-01-01
https://odishacoffee.com/farms/madhu-agro-plantation/products,1970-01-01
https://odishacoffee.com/farms/madhu-agro-plantation/roasted-coffee,1970-01-01
https://odishacoffee.com/farms/mutiyalumma-coffee-estate,1970-01-01
https://odishacoffee.com/farms/mutiyalumma-coffee-estate/green-coffee,1970-01-01
https://odishacoffee.com/farms/mutiyalumma-coffee-estate/products,1970-01-01
https://odishacoffee.com/farms/mutiyalumma-coffee-estate/roasted-coffee,1970-01-01
https://odishacoffee.com/farms/oak-winds-farm,1970-01-01
https://odishacoffee.com/farms/oak-winds-farm/green-coffee,1970-01-01
https://odishacoffee.com/farms/oak-winds-farm/products,1970-01-01
https://odishacoffee.com/farms/oak-winds-farm/roasted-coffee,1970-01-01
https://odishacoffee.com/farms/odisi-advance-telematic-system,1970-01-01
https://odishacoffee.com/farms/odisi-advance-telematic-system/green-coffee,1970-01-01
https://odishacoffee.com/farms/odisi-advance-telematic-system/products,1970-01-01
https://odishacoffee.com/farms/panigrahi-agro-foundation/green-coffee,1970-01-01
https://odishacoffee.com/farms/panigrahi-agro-foundation/products,1970-01-01
https://odishacoffee.com/farms/panigrahi-agro-foundation/roasted-coffee,1970-01-01
https://odishacoffee.com/farms/sm-plantation/green-coffee,1970-01-01
https://odishacoffee.com/farms/sm-plantation/products,1970-01-01
https://odishacoffee.com/farms/sri-sai-plantation/green-coffee,1970-01-01
https://odishacoffee.com/farms/sri-sai-plantation/products,1970-01-01
https://odishacoffee.com/farms/sri-sai-plantation/roasted-coffee,1970-01-01
https://odishacoffee.com/farms/trinetra-agro/green-coffee,1970-01-01
https://odishacoffee.com/farms/trinetra-agro/products,1970-01-01
https://odishacoffee.com/farms/urbara-plantation/green-coffee,1970-01-01
https://odishacoffee.com/farms/urbara-plantation/products,1970-01-01
https://odishacoffee.com/farms/urbara-plantation/roasted-coffee,1970-01-01
https://odishacoffee.com/finland/green-coffee,1970-01-01
https://odishacoffee.com/france/green-coffee,1970-01-01
https://odishacoffee.com/future-of-coffee,1970-01-01
https://odishacoffee.com/georgia/green-coffee,1970-01-01
https://odishacoffee.com/germany/green-coffee,1970-01-01
https://odishacoffee.com/greece/green-coffee,1970-01-01
https://odishacoffee.com/hong-kong/green-coffee,1970-01-01
https://odishacoffee.com/hungary/green-coffee,1970-01-01
https://odishacoffee.com/iceland/green-coffee,1970-01-01
https://odishacoffee.com/impressum,1970-01-01
https://odishacoffee.com/india/andhra-pradesh/green-coffee,1970-01-01
https://odishacoffee.com/india/assam/green-coffee,1970-01-01
https://odishacoffee.com/india/bihar/green-coffee,1970-01-01
https://odishacoffee.com/india/bihar/patna/green-coffee,1970-01-01
https://odishacoffee.com/india/chandigarh/chandigarh/green-coffee,1970-01-01
https://odishacoffee.com/india/chandigarh/green-coffee,1970-01-01
https://odishacoffee.com/india/chhattisgarh/green-coffee,1970-01-01
https://odishacoffee.com/india/chhattisgarh/raipur/green-coffee,1970-01-01
https://odishacoffee.com/india/delhi-ncr/green-coffee,1970-01-01
https://odishacoffee.com/india/delhi-ncr/gurgaon/green-coffee,1970-01-01
https://odishacoffee.com/india/delhi-ncr/new-delhi/green-coffee,1970-01-01
https://odishacoffee.com/india/gujarat/rajkot/green-coffee,1970-01-01
https://odishacoffee.com/india/gujarat/surat/green-coffee,1970-01-01
https://odishacoffee.com/india/gujarat/vadodara/green-coffee,1970-01-01
https://odishacoffee.com/india/haryana/faridabad/green-coffee,1970-01-01
https://odishacoffee.com/india/haryana/green-coffee,1970-01-01
https://odishacoffee.com/india/haryana/gurugram/green-coffee,1970-01-01
https://odishacoffee.com/india/jharkhand/green-coffee,1970-01-01
https://odishacoffee.com/india/jharkhand/ranchi/green-coffee,1970-01-01
https://odishacoffee.com/india/karnataka/bengaluru/green-coffee,1970-01-01
https://odishacoffee.com/india/karnataka/green-coffee,1970-01-01
https://odishacoffee.com/india/karnataka/hubli-dharwad/green-coffee,1970-01-01
https://odishacoffee.com/india/karnataka/mangaluru/green-coffee,1970-01-01
https://odishacoffee.com/india/karnataka/mysuru/green-coffee,1970-01-01
https://odishacoffee.com/india/kerala/kochi/green-coffee,1970-01-01
https://odishacoffee.com/india/madhya-pradesh/bhopal/green-coffee,1970-01-01
https://odishacoffee.com/india/madhya-pradesh/green-coffee,1970-01-01
https://odishacoffee.com/india/madhya-pradesh/indore/green-coffee,1970-01-01
https://odishacoffee.com/india/maharashtra/nagpur/green-coffee,1970-01-01
https://odishacoffee.com/india/maharashtra/nashik/green-coffee,1970-01-01
https://odishacoffee.com/india/maharashtra/pune/green-coffee,1970-01-01
https://odishacoffee.com/india/odisha/bhubaneswar/green-coffee,1970-01-01
https://odishacoffee.com/india/odisha/cuttack/green-coffee,1970-01-01
https://odishacoffee.com/india/odisha/green-coffee,1970-01-01
https://odishacoffee.com/india/punjab/amritsar/green-coffee,1970-01-01
https://odishacoffee.com/india/punjab/ludhiana/green-coffee,1970-01-01
https://odishacoffee.com/india/rajasthan/green-coffee,1970-01-01
https://odishacoffee.com/india/rajasthan/jaipur/green-coffee,1970-01-01
https://odishacoffee.com/india/rajasthan/udaipur/green-coffee,1970-01-01
https://odishacoffee.com/india/tamil-nadu/chennai/green-coffee,1970-01-01
https://odishacoffee.com/india/tamil-nadu/coimbatore/green-coffee,1970-01-01
https://odishacoffee.com/india/tamil-nadu/green-coffee,1970-01-01
https://odishacoffee.com/india/tamil-nadu/madurai/green-coffee,1970-01-01
https://odishacoffee.com/india/tamil-nadu/tiruchirappalli/green-coffee,1970-01-01
https://odishacoffee.com/india/uttar-pradesh/agra/green-coffee,1970-01-01
https://odishacoffee.com/india/uttar-pradesh/green-coffee,1970-01-01
https://odishacoffee.com/india/uttar-pradesh/kanpur/green-coffee,1970-01-01
https://odishacoffee.com/india/uttar-pradesh/lucknow/green-coffee,1970-01-01
https://odishacoffee.com/india/uttar-pradesh/varanasi/green-coffee,1970-01-01
https://odishacoffee.com/india/uttarakhand/dehradun/green-coffee,1970-01-01
https://odishacoffee.com/india/west-bengal/green-coffee,1970-01-01
https://odishacoffee.com/india/west-bengal/kolkata/green-coffee,1970-01-01
https://odishacoffee.com/iraq/green-coffee,1970-01-01
https://odishacoffee.com/ireland/green-coffee,1970-01-01
https://odishacoffee.com/israel/green-coffee,1970-01-01
https://odishacoffee.com/italy/green-coffee,1970-01-01
https://odishacoffee.com/japan/green-coffee,1970-01-01
https://odishacoffee.com/jordan/green-coffee,1970-01-01
https://odishacoffee.com/kazakhstan/green-coffee,1970-01-01
https://odishacoffee.com/kosovo/green-coffee,1970-01-01
https://odishacoffee.com/kuwait/green-coffee,1970-01-01
https://odishacoffee.com/lebanon/green-coffee,1970-01-01
https://odishacoffee.com/liechtenstein/green-coffee,1970-01-01
https://odishacoffee.com/lithuania/green-coffee,1970-01-01
https://odishacoffee.com/luxembourg/green-coffee,1970-01-01
https://odishacoffee.com/macau/green-coffee,1970-01-01
https://odishacoffee.com/maldives/green-coffee,1970-01-01
https://odishacoffee.com/malta/green-coffee,1970-01-01
https://odishacoffee.com/moldova/green-coffee,1970-01-01
https://odishacoffee.com/monaco/green-coffee,1970-01-01
https://odishacoffee.com/mongolia/green-coffee,1970-01-01
https://odishacoffee.com/montenegro/green-coffee,1970-01-01
https://odishacoffee.com/nepal/green-coffee,1970-01-01
https://odishacoffee.com/newsroom,1970-01-01
https://odishacoffee.com/north-korea/green-coffee,1970-01-01
https://odishacoffee.com/north-macedonia/green-coffee,1970-01-01
https://odishacoffee.com/odisha-coffee-varieties,1970-01-01
https://odishacoffee.com/oman/green-coffee,1970-01-01
https://odishacoffee.com/order-builder,1970-01-01
https://odishacoffee.com/pakistan/green-coffee,1970-01-01
https://odishacoffee.com/poland/green-coffee,1970-01-01
https://odishacoffee.com/policy-coffee-recipe-extension,1970-01-01
https://odishacoffee.com/portugal/green-coffee,1970-01-01
https://odishacoffee.com/privacy,1970-01-01
https://odishacoffee.com/products,1970-01-01
https://odishacoffee.com/qatar/green-coffee,1970-01-01
https://odishacoffee.com/reviews,1970-01-01
https://odishacoffee.com/roasted-coffee,1970-01-01
https://odishacoffee.com/romania/green-coffee,1970-01-01
https://odishacoffee.com/russia/green-coffee,1970-01-01
https://odishacoffee.com/san-marino/green-coffee,1970-01-01
https://odishacoffee.com/saudi-arabia/green-coffee,1970-01-01
https://odishacoffee.com/serbia/green-coffee,1970-01-01
https://odishacoffee.com/shop,1970-01-01
https://odishacoffee.com/singapore/green-coffee,1970-01-01
https://odishacoffee.com/sites,1970-01-01
https://odishacoffee.com/slovakia/green-coffee,1970-01-01
https://odishacoffee.com/slovenia/green-coffee,1970-01-01
https://odishacoffee.com/social-responsibility,1970-01-01
https://odishacoffee.com/sourcing,1970-01-01
https://odishacoffee.com/south-korea/green-coffee,1970-01-01
https://odishacoffee.com/spain/green-coffee,1970-01-01
https://odishacoffee.com/spices,1970-01-01
https://odishacoffee.com/sri-lanka/green-coffee,1970-01-01
https://odishacoffee.com/sweden/green-coffee,1970-01-01
https://odishacoffee.com/switzerland/green-coffee,1970-01-01
https://odishacoffee.com/syria/green-coffee,1970-01-01
https://odishacoffee.com/taiwan/green-coffee,1970-01-01
https://odishacoffee.com/tajikistan/green-coffee,1970-01-01
https://odishacoffee.com/terms,1970-01-01
https://odishacoffee.com/turkey/green-coffee,1970-01-01
https://odishacoffee.com/uae/green-coffee,1970-01-01
https://odishacoffee.com/ukraine/green-coffee,1970-01-01
https://odishacoffee.com/united-kingdom/green-coffee,1970-01-01
https://odishacoffee.com/usa/green-coffee,1970-01-01
https://odishacoffee.com/uzbekistan/green-coffee,1970-01-01
https://odishacoffee.com/vatican-city/green-coffee,1970-01-01
https://odishacoffee.com/yemen/green-coffee,1970-01-01